{
	"Meshes": [
		{
			"MeshName": "LeftFixedCatRamp",
			"CornerNodes": [ 0, 0, 0, 4.7430302000759668e-322, 2000, 0, 4.7430302000759668e-322, 2000, 500, 4.7430302000759668e-322, 0, 500 ],
			"FixedNodeBoxes": [ 0, -54.308224213770245, 571.99803019377032, 0, 25.444019526582451, -34.898503265188253 ],
			"MeshDensity": [ 0, 60, 40 ],
			"ElasticMod": 70,
			"FocalPoints": [ 0, 300, 250, 0, 500, 250, 0, 700, 250 ]
		},
		{
			"MeshName": "VictoryBowl",
			"CornerNodes": [ 0, 6.9501643985170336e-05, 600.00002112293521, 1.1857575500189917e-321, 6.9501643985170336e-05, 202.4999912078797, 1.1857575500189917e-321, 200.00003611988129, 1.189888854113974e-08, 1.1857575500189917e-321, 1297.500038941165, 1.189888854113974e-08, 1.1857575500189917e-321, 1500.0000119214349, 202.49972897769834, 1.1857575500189917e-321, 1500.0000119214349, 597.49975473068821, 1.1857575500189917e-321, 1297.5001434113851, 597.49975473068821, 1.1857575500189917e-321, 1102.4999971792236, 199.99985987801381, 1.1857575500189917e-321, 400.00001192145163, 199.99985987801381, 1.1857575500189917e-321, 195.00014579558569, 600.00002112293521 ],
			"FixedNodeBoxes": [ 0, -22.47470929879421, 627.79553520865488, 0, 45.025208841658241, 152.79553160222474, 0, 1477.5253026221121, 627.79527294031368, 0, 1547.5251523761544, 150.29526368137522 ],
			"MeshDensity": [ 0, 60, 40 ],
			"ElasticMod": 500,
			"FocalPoints": [ 0, 100, 400, 0, 300, 100, 0, 1200, 100, 0, 1400, 400 ]
		},
		{
			"MeshName": "WallHook",
			"CornerNodes": [ 0, -3.3738081697265443e-06, 2.0258183829907921, 9.4860604001519336e-322, 206.62981494989253, 2.0258183829907921, 9.4860604001519336e-322, 206.62981494989253, 158.01102629741456, 9.4860604001519336e-322, 234.99082409587209, 196.50091903139923, 9.4860604001519336e-322, 399.07918165336901, 196.50091903139923, 9.4860604001519336e-322, 399.07918165336901, 397.05333962868917, 9.4860604001519336e-322, 105.34077299710486, 397.05333962868917, 9.4860604001519336e-322, -3.3738081697265443e-06, 295.7642769492536 ],
			"FixedNodeBoxes": [ 0, 219.33691404266608, -18.821183534562579, 0, -19.705401638502451, 27.771813204929913 ],
			"MeshDensity": [ 0, 40, 40 ],
			"ElasticMod": 150,
			"FocalPoints": [ 0, 100, 150, 0, 250, 300 ]
		}
	]$aveyourself3!
}